"seccion","archivo","ruta_relativa","tamano_bytes"
"4_2","01_analisis_inicial_match.png","figuras\4_2\01_analisis_inicial_match.png","105319"
"4_2","02_analisis_descriptivo_match.png","figuras\4_2\02_analisis_descriptivo_match.png","111167"
"4_2","04_columnas_textuales_match.png","figuras\4_2\04_columnas_textuales_match.png","83036"
"4_2","05_extra_info_match.png","figuras\4_2\05_extra_info_match.png","85474"
"4_2","06_codigos_producto_match.png","figuras\4_2\06_codigos_producto_match.png","91482"
"4_2","07_patrones_tecnicos_match.png","figuras\4_2\07_patrones_tecnicos_match.png","90508"
"4_2","08_caracteres_ruido_match.png","figuras\4_2\08_caracteres_ruido_match.png","97478"
"4_2","09_diferencia_fab_retailer_match.png","figuras\4_2\09_diferencia_fab_retailer_match.png","94270"
"4_2","10_links_imagenes_match.png","figuras\4_2\10_links_imagenes_match.png","86405"
"4_2","11_concentracion_sesgo_match.png","figuras\4_2\11_concentracion_sesgo_match.png","84056"
"4_2","figura_85_estructura_almacenamiento_datos.png","figuras\4_2\figura_85_estructura_almacenamiento_datos.png","204967"
"4_2","flujo_exploracion_match.png","figuras\4_2\flujo_exploracion_match.png","101177"
"4_2","oe2_01_modelo_identidad_uml.png","figuras\4_2\oe2_01_modelo_identidad_uml.png","90833"
"4_2","oe2_02_flujo_organizacion.png","figuras\4_2\oe2_02_flujo_organizacion.png","53399"
"4_2","oe2_04_fuentes_del_corpus.png","figuras\4_2\oe2_04_fuentes_del_corpus.png","280680"
"4_2","oe2_05_componentes_src_uml.png","figuras\4_2\oe2_05_componentes_src_uml.png","126810"
"4_2","oe2_06_duplicado_vs_repeticion.png","figuras\4_2\oe2_06_duplicado_vs_repeticion.png","92642"
"4_3","oe3_01_pipeline_generico.png","figuras\4_3\oe3_01_pipeline_generico.png","428524"
"4_3","oe3_02_transformacion_texto.png","figuras\4_3\oe3_02_transformacion_texto.png","293190"
"4_3","oe3_03_tres_tokenizaciones.png","figuras\4_3\oe3_03_tres_tokenizaciones.png","344099"
"4_3","oe3_04_secuencia_ejecucion_uml.png","figuras\4_3\oe3_04_secuencia_ejecucion_uml.png","338083"
"4_4","modelo_1_config_comparison.png","figuras\4_4\modelo_1_config_comparison.png","70994"
"4_4","modelo_1_threshold_curve.png","figuras\4_4\modelo_1_threshold_curve.png","71307"
"4_4","modelo_2_config_comparison.png","figuras\4_4\modelo_2_config_comparison.png","57480"
"4_4","modelo_2_threshold_curve.png","figuras\4_4\modelo_2_threshold_curve.png","71669"
"4_4","oe4_01_columnas_a_modelos.png","figuras\4_4\oe4_01_columnas_a_modelos.png","50862"
"4_4","oe4_02_atencion_de_cada_modelo.png","figuras\4_4\oe4_02_atencion_de_cada_modelo.png","39978"
"4_4","oe4_03_grid_y_ajuste.png","figuras\4_4\oe4_03_grid_y_ajuste.png","36415"
"4_4","oe4_04_siete_similitudes.png","figuras\4_4\oe4_04_siete_similitudes.png","32353"
"4_4","oe4_05_entrenamiento_m3.png","figuras\4_4\oe4_05_entrenamiento_m3.png","37340"
"4_4","oe4_06_multiatencion_m3.png","figuras\4_4\oe4_06_multiatencion_m3.png","58783"
"4_5","f1_pares.svg","figuras\4_5\f1_pares.svg","2322"
"4_5","fpr_negativos.svg","figuras\4_5\fpr_negativos.svg","3103"
"4_5","oe5_01_mapa_de_metricas.png","figuras\4_5\oe5_01_mapa_de_metricas.png","36394"
"4_5","oe5_02_matriz_confusion.png","figuras\4_5\oe5_02_matriz_confusion.png","39419"
"4_5","oe5_03_comparacion_final.png","figuras\4_5\oe5_03_comparacion_final.png","41619"
"4_5","recall1_sistemas.svg","figuras\4_5\recall1_sistemas.svg","3427"
"4_6","oe6_01_generalizacion_externa.png","figuras\4_6\oe6_01_generalizacion_externa.png","45578"
"4_6","oe6_02_comparacion_tiempos.png","figuras\4_6\oe6_02_comparacion_tiempos.png","31490"
"4_6","oe6_03_impacto_lote.png","figuras\4_6\oe6_03_impacto_lote.png","31114"
